user_id,first_name,last_name,position,department,profile_image_url
1,Admin,Admin,Senior Admin,Admin department,https://dummyimage.com/512x512/ffae00/000000.png
2,User,User,Just User,User department,https://dummyimage.com/512x512/ffae00/000000.png
3,First3,Last3,Engineer,Product,https://dummyimage.com/512x512/684930/000000.png&text=First3
4,First4,Last4,Support,Support,https://dummyimage.com/512x512/77bc6c/000000.png&text=First4
5,First5,Last5,Support,Product,https://dummyimage.com/512x512/91cf92/000000.png&text=First5
6,First6,Last6,Support,Design,https://dummyimage.com/512x512/1d128c/000000.png&text=First6
7,First7,Last7,Designer,Product,https://dummyimage.com/512x512/8e5c43/000000.png&text=First7
8,First8,Last8,Engineer,Product,https://dummyimage.com/512x512/3a1410/000000.png&text=First8
9,First9,Last9,Analyst,Product,https://dummyimage.com/512x512/bfba4a/000000.png&text=First9
10,First10,Last10,Manager,Design,https://dummyimage.com/512x512/a1b5a0/000000.png&text=First10
