login_data_id;full_name
1;Иванов Иван Иванович
2;Иванова Мария Ивановна
3;Васильев Николай Иванович
4;Васильева Татьяна Николаевна
5;Петров Алексей Сергеевич
6;Петрова Ольга Сергеевна
7;Смирнов Дмитрий Андреевич
8;Смирнова Елена Андреевна
9;Кузнецов Максим Олегович
10;Кузнецова Наталья Олеговна
11;Попов Артём Викторович
12;Попова Ирина Викторовна
13;Соколов Игорь Павлович
14;Соколова Анна Павловна
15;Лебедев Роман Ильич
16;Лебедева Ксения Ильинична
17;Козлов Денис Евгеньевич
18;Козлова Юлия Евгеньевна
19;Новиков Кирилл Александрович
20;Новикова Дарья Александровна
21;Морозов Владислав Николаевич
22;Морозова Светлана Николаевна
23;Волков Егор Михайлович
24;Волкова Полина Михайловна
25;Алексеев Тимофей Романович
26;Алексеева Вероника Романовна
27;Семёнов Глеб Аркадьевич
28;Семёнова Марина Аркадьевна
29;Егоров Константин Валерьевич
30;Егорова Алёна Валерьевна
31;Павлов Степан Юрьевич
32;Павлова Лидия Юрьевна
33;Степанов Антон Борисович
34;Степанова Надежда Борисовна
35;Николаев Ярослав Дмитриевич
36;Николаева Татьяна Дмитриевна
37;Орлов Фёдор Анатольевич
38;Орлова Галина Анатольевна
39;Андреев Пётр Константинович
40;Андреева Людмила Константиновна
41;Макаров Захар Леонидович
42;Макарова Инна Леонидовна
43;Захаров Руслан Геннадьевич
44;Захарова Вера Геннадьевна
45;Беляев Никита Станиславович
46;Беляева Оксана Станиславовна
47;Тарасов Арсений Вячеславович
48;Тарасова Софья Вячеславовна
49;Борисов Валентин Петрович
50;Борисова Тамара Петровна
51;Жуков Данила Григорьевич
52;Жукова Любовь Григорьевна
53;Фролов Матвей Денисович
54;Фролова Екатерина Денисовна
55;Комаров Сергей Игоревич
56;Комарова Алина Игоревна
57;Давыдов Павел Тимурович
58;Давыдова Кристина Тимуровна
59;Громов Виктор Артурович
60;Громова Нина Артуровна
61;Крылов Вадим Семёнович
62;Крылова Валерия Семёновна
63;Гусев Леонид Фёдорович
64;Гусева Зоя Фёдоровна
65;Киселёв Олег Степанович
66;Киселёва Раиса Степановна
67;Исаев Андрей Валентинович
68;Исаева Диана Валентиновна
69;Чернов Богдан Кириллович
70;Чернова Яна Кирилловна