email;password
test1@gmail.com;$2a$12$EwsJwE1iPihkx4ym2b7Dl.BqNwqZS4iexXqlDhu3o6hy5n1MZCAlm
test2@gmail.com;$2a$12$nPG/9eGl9HZGGgw8EVrwuOcQwmy1Zr4aO008vwY8uSm8RyF521dvi
test3@gmail.com;$2a$12$nekjNcQVlxTcYKPVnfywGegTCJMG6OWzTdDYbRz3Y5OwfABBsoHrC
test4@gmail.com;$2a$12$jNstKqRQ2Y/YLGeNyppVBOmUsWbfA4Z5.qNJoWrLJnukp8b3XFcQa
test5@gmail.com;$2a$12$hr3DDXW4n2g4ZQv5SipaGeNAH3kkPyF8BIMT2i0g5hgpMtfjkY9Ni
test6@gmail.com;$2a$12$lRtTaC2admk6ofgUvLPuH.LWNDZzjAKIlD5iOCwRvMr2MPtvnsdFK
test7@gmail.com;$2a$12$UJEEUEY981QyCKZe.8uICeCzyOXKnufs4Edn8tKIK4tuawzlLFQ06
test8@gmail.com;$2a$12$0E5qFmAZtwL7XKcbQkBkreASB61/QgRpQ6eQK1uewvVfa3SriMPUq
test9@gmail.com;$2a$12$sRxgo3gyxeQYiEqxtF3wCOwiCWmINR6g2E9kG5JMyIZi43I25e15S
test10@gmail.com;$2a$12$wptKrG9D7J5RXmRQFUajrul14emX4NGPydimAZ8ZziDolbflMvj7m
test11@gmail.com;$2a$12$WcRGEDXNl9wW6X2OaXz57uea5sQ0WPe9qnrP/gL9xyVKlGgTw.xBm
test12@gmail.com;$2a$12$dVEOWJuwlUDuf1j3ESX0X.DZO0hE4SYS4d8bpT43I7./Vow12kyiG
test13@gmail.com;$2a$12$rZWYgiMcwz698BmRB5aPYeR3uoPoSpwF9jVF2npRywe8JYvNYa4Da
test14@gmail.com;$2a$12$6sKbC2uvYIN0TLNyVlh1I.5Cmd1uY4VhE7wG9JdA47Rxz6U3Jrwq.
test15@gmail.com;$2a$12$ps1jfgF0OV4cSCKIvtwNpO94llhmUaOz9lVoI0LUjVtNyw.9Zgvsq
test16@gmail.com;$2a$12$B61MVCr9hjupWoNAqWdLlO6fuvILBnYxLe2U9nH8r9A3PtFlza8oy
test17@gmail.com;$2a$12$Tusnkmqu6rVbiYHYFUJZ3OCp7rVmgZu6dYdSkfpD8A/wefgp3Ilae
test18@gmail.com;$2a$12$CziyIs.Pkw3Gni5UEoNNmOwq/xInUT.0PzTXo.OUr/vuIO.u3YTri
test19@gmail.com;$2a$12$msta786ex82cE/.m32KGPe1O7OptvJIpJt1.90MkdSC0d4wiWNxr6
test20@gmail.com;$2a$12$MJBegnFdwVmI3yj9oAs7b.q1kuG1KberO5FP87JSZ4mAFi3bNg.gS
test21@gmail.com;$2a$12$kgOulBS.ZRILiBL58GeE5uQZg7arqIctPCARiJfeTAsRLB4VaHQZS
test22@gmail.com;$2a$12$mV13ROeDjT/rgGf/OGnxMeperHGbkgbFrjgOa5jzkqJdF1IE8p12y
test23@gmail.com;$2a$12$CP8NRILuH6QjL4EezrcNUe/bldiGGSirJxVBDOrdRFVC87ZMHj22u
test24@gmail.com;$2a$12$FVjvFrO92PZLYJTvYE6rzOo8w2gebLUbymDRhIUXIvL0t1yhD6CWu
test25@gmail.com;$2a$12$QVBPrPRvau7/DHvVRdTrreqOKr0PJhiuOtmsaUqbiBNdxw59sjkOS
test26@gmail.com;$2a$12$.n5sHXjZ6bUaJuglGFRmu.Q3ocnxyEJSxCJn2HjvYJRf3RL2zzi8C
test27@gmail.com;$2a$12$CSqGDS9ZE/OBUNn7yryr3.Vwm0SDJXLJk.0J8olIa0LV92nDsNK8K
test28@gmail.com;$2a$12$nuMhGRVujSlgrDZNIUOWkOw/vrIm8EC2X85VZDVGDZ1N.V6h1YudS
test29@gmail.com;$2a$12$990cZq1pdtlRhuL8lMccIuDuGGw1oeY8u5U4owOEGnwJaG.0/t0qi
test30@gmail.com;$2a$12$u0LyDg.RsV0n2dJ1ruRY/ueO85QUPtY0XZDmVzcZgI2Lr47jrtCMy
test31@gmail.com;$2a$12$ZbJilJhFaClQsQsuxrQrVef/1Cj6QvCRlz.vfpjPOxNW719b1mAuy
test32@gmail.com;$2a$12$u4HYlFaiWbBkYQ346nRabOfBuFsICUNlUsOEq6fjQxLBRxwtblnYG
test33@gmail.com;$2a$12$cOurMTMSR9q5pP/Idfr7h.SXcg9IkwIBEjo3OsvJqhw7dhUCyoepS
test34@gmail.com;$2a$12$n7TJywFApGxS.hlUKtykRe90/zdRZB0IPJBo0ubqkC4hhhZWvlt/q
test35@gmail.com;$2a$12$dZmfSEihXWOQ.CJdM8G22e8QplLAb3gxjkUX8RReKVNhpmUjKCqqS
test36@gmail.com;$2a$12$W1Ne3dgQ9wZEzTOqYQ2M.OEIDfB7JUqXjPKuq6rF3KMgEvOLFMqgS
test37@gmail.com;$2a$12$PUo8kVbccpjjMj7cczxLSOdVD5TSWNTGDa7q/tCE840Z2xyaPpLxq
test38@gmail.com;$2a$12$6ayYLihagFd9oRAOx5vdN.Eyt6xYkAzEUUBDFPtdDy6azLHEK6xfy
test39@gmail.com;$2a$12$2cvUTEWUCwopGN8tY12JZuNWNm88//ywkCdlPHBCkYlmbX.ROzNrO
test40@gmail.com;$2a$12$TLBonye4NT6jfMegoM4mA.guEIS34Z6qv5aPd5fBBhf/4HD4PVnSa
test41@gmail.com;$2a$12$7lMYDaOEnIJGj4Tjb.9NJuXjr7MnOy3.TxCfXbAJHGC5xaMH.kgHm
test42@gmail.com;$2a$12$qhoyJFAJqBnkl9oC34RnHORPjr.8p0fC/b9x3wAXgzmypdpWbYEX6
test43@gmail.com;$2a$12$Y.8qz.rlAN2j61k4.eL4i.Bl/8DqUkGhUVAJpv8Ma4LuVH0Cw6qoq
test44@gmail.com;$2a$12$GXZKDfVarwJKcc.A9aPHxO5bQqb1jVFpgZqAjFHwHAxg4UGbg3aNi
test45@gmail.com;$2a$12$pWyMzi4yf2/igdcccfFsOODyyFL97VLfyIPrks3ctvLUvnfnABQZ6
test46@gmail.com;$2a$12$unF8ZaChxH/yry8bSgAUtO.nHc8n7ZAgS1fsY2k.yb4DJYNJnoEzu
test47@gmail.com;$2a$12$n6VZjziWTc51z3Tjzvr3MODPMVC.4Meyct0gB8Nu5FWwHneEIzXLa
test48@gmail.com;$2a$12$0qxBz6eGu9HHfTxNh0zSJeEqNieE.lZrXtUR0PAruFingZ458tQwu
test49@gmail.com;$2a$12$s8jAajG9JKOLD8.5DZu2c.tg2qmmCHsLxx0S7MV9YrXTZnFOLSrhq
test50@gmail.com;$2a$12$.DXEBC2pfKAtHDSz73LCbeMVr9gFLMUp3/WTR6TfeQiA1IMyPi4bS
test51@gmail.com;$2a$12$29/t0f4SZ0t.wec2uulKPOc87QC682qX7ygynaGvR8c12jvM5j09K
test52@gmail.com;$2a$12$7/c2AIbCMuhz8RtGgBzC6ecL9BcqFLgTnUeCCUrGdGJ3Ny8gk9PHG
test53@gmail.com;$2a$12$R4FxkXMunubRdZ5tuaNDueyyRayZb2Cv34zn.GymMUgj2klXWBTLi
test54@gmail.com;$2a$12$aJAnRk7jvmQBmE9edaInYOG1oVzOH/3FqkAdJw4WUaTAZa34wkRku
test55@gmail.com;$2a$12$ENTMZ9e2OF8mya1Iy6UPd.8HkWstkYSqTlc/NnI.05Qj5Kn1e/.m.
test56@gmail.com;$2a$12$0XiSgTUN8Cd.GEPzo4lbye2ILAOndsfu3xUESBUFjcesImndyxFLq
test57@gmail.com;$2a$12$mjUKmL9Z9PKENoX7lNerWO7.Od7aISP3fTKZj0IRXGcFossgFyodO
test58@gmail.com;$2a$12$pvt2uqroyDv4BWy0zWhiA.jOg.WghmAGEP2uWe2vP8opbTIDkae9K
test59@gmail.com;$2a$12$5IeNtwHIPjL9NgNBaMazhulc6T4.2KzNIXGcFKpx5ypNn94/qiLBK
test60@gmail.com;$2a$12$aSxglCvWhXbRAm6d2Vuzm.zualUNq7WvILszYypqbrSZjD5EC98iy
test61@gmail.com;$2a$12$tPA/LlEten1WLqziTWSNzOLCBaS0RAXnoekjgBo.zKp0P7Yrx7Kqq
test62@gmail.com;$2a$12$Yca8BWQOijD41jdhVZUE5eMuXFfb7a7fCVOs5oMq.SoDwxNXguvaa
test63@gmail.com;$2a$12$m5noaIrIHRyz89TlISKotOMdJwqz7cf/xygauyCpdnxQiYROkga9.
test64@gmail.com;$2a$12$ZpMStvuFBXf1yWWSUfpOQO.l2HOFsF8WPH60c7Y5zsWkcZjyDNmI.
test65@gmail.com;$2a$12$06XdF9sgCKj9iESHojzU3uNH59cifr5wsXQDcQ5yymWVn/Zr/2W2K
test66@gmail.com;$2a$12$6Y8eDu661qY/ZYIOpYJ7Veeb/t35CjxPz0BOTd1s/ZOASwZoqbq/2
test67@gmail.com;$2a$12$rv89IosfsYzTUj/unSlF0.eUhLzkSjQdq04umjGsgFexUR4UTnotq
test68@gmail.com;$2a$12$7LKcLLOlTrYeQ7IrD7a7mujt58ElFUbbiGI3e.zGbi/w8fh5iStqO
test69@gmail.com;$2a$12$/Vl0fVyUwGz8x/q43RW5d.q35WNu90HaD4bOBd1a5LDZTQx9lQnhm
test70@gmail.com;$2a$12$37gqumWA7itTID4vPCfOcea2fnik1FDS71gYGEls9rb2VOZ5yMFeK